name.first,name.last,phone,sex,added,salary,position
Dorothea,Ridesdale,9482994314376,1,2018-03-15,3103,Computers
Roxane,Gotcliffe,9688936582061,1,2017-11-01,3157,Outdoors
Alyce,Sowter,1668014407239,1,2018-05-06,1974,Health
Leslie,Piercy,2229648140455,0,2018-08-16,1542,Movies
Adelheid,Sooper,5640394718115,1,2018-06-12,1527,Tools
Miguel,Chaudrelle,2575041971491,0,2018-04-18,2415,Grocery
Ardella,Kelmere,5837627784627,1,2018-02-17,1562,Beauty
Kliment,Cowin,1995685684890,1,2018-06-12,1951,Garden
Dania,Blakeden,9410883708781,1,2018-01-07,3983,Clothing
Breanne,Dobbin,1647873757366,0,2018-06-26,3930,Grocery
Chan,Cassar,46107130567,1,2018-05-10,1697,Games
Dom,Cauthra,174807316176,1,2017-12-02,3269,Shoes
Johnette,Havick,9424700713722,0,2018-08-01,2443,Shoes
Wallis,Marzelli,3833850795330,0,2017-12-01,2901,Baby
Tonie,Frammingham,4854325454628,1,2018-08-02,3016,Tools
Helene,Melling,8687330362104,0,2018-08-26,2567,Jewelery
Tiffanie,Perse,9611219239792,0,2018-02-12,2086,Baby
Bernita,Daftor,4739965188645,1,2018-02-08,3589,Kids
Roarke,Calderonello,1870323468528,0,2017-10-11,3762,Automotive
Pris,Massei,90194284579,0,2018-09-19,2990,Jewelery
Charmion,Coast,6442775573045,1,2018-09-15,3483,Kids
Trevar,Poundesford,951443694460,1,2018-05-16,1870,Kids
Alyss,Vials,9227762731059,1,2017-09-29,1882,Clothing
Allina,Draude,2017736851149,0,2017-10-30,1570,Health
Kevin,Braffington,9552547740679,1,2018-04-10,1858,Outdoors
Orsola,Mickan,5807292889467,0,2018-05-24,3336,Kids
Ernesta,Pilbury,4686642302235,0,2017-12-06,1874,Computers
Carrissa,Rulten,1130135224030,1,2017-10-27,1593,Computers
Hewie,Maddocks,1348806933297,1,2018-04-06,2039,Outdoors
Samson,Garlant,3733744220791,0,2018-08-12,3258,Garden
Rheba,Gagan,6287552710363,1,2018-06-21,2784,Industrial
Minta,Nickels,7760973312225,0,2017-11-24,1313,Health
Tod,Attack,5489189278757,1,2018-07-12,1882,Kids
Kristofer,Cours,864092945637,1,2017-12-18,2157,Kids
Darline,Bockmaster,9455443759729,0,2018-09-09,2039,Tools
Sherrie,Boni,8300303056963,0,2018-09-02,1892,Garden
Selestina,Handrok,5909698750121,1,2018-02-16,3163,Outdoors
Gal,Clack,6125457430649,1,2018-09-18,1981,Toys
Cam,Santore,8348807592203,0,2018-05-18,1105,Movies
Humberto,Burniston,7969129865142,1,2018-07-09,2056,Shoes
Titos,Purry,9204045043966,1,2017-12-10,3255,Industrial
Sharyl,Mariet,5025687506177,1,2018-08-11,1381,Clothing
Tani,Venny,8411597677956,0,2018-05-11,3748,Electronics
Hamlin,Frayn,9906590739193,1,2018-01-23,2919,Toys
Belle,Litster,8402492191577,1,2018-05-21,1207,Outdoors
Ivie,Tapley,1746230674798,1,2017-12-03,1196,Baby
Addy,Mahaddie,7385868370307,0,2018-07-26,3326,Health
Kandy,Haglinton,5177531264476,0,2018-02-08,2194,Home
Myrta,Kirsopp,4551092698908,0,2017-12-28,1026,Electronics
Luciano,Meyrick,2732171906382,1,2017-12-02,3375,Toys
Gardner,Wyche,9100159487659,1,2017-12-05,1962,Music
Olenka,Teffrey,3160441779356,1,2018-08-02,3134,Health
Karly,Jakobssen,1785246282165,1,2017-12-15,2563,Books
Andras,Fisher,7079076106351,1,2018-05-28,3910,Baby
Marinna,Heinl,2266565716702,1,2018-04-07,2689,Books
Alon,Kale,9856495748305,1,2018-08-16,3034,Beauty
Terza,Bremley,827499732265,1,2018-08-04,2818,Shoes
Maire,Whitsun,6028829361565,0,2018-01-25,1355,Garden
Everett,Foster-Smith,7320706835408,0,2018-04-22,2938,Games
Wendall,Creamer,3659807819235,1,2018-08-30,3301,Garden
Uta,Pixton,786832118650,1,2017-10-10,2236,Clothing
Carlyn,Josowitz,8089110902997,0,2018-09-17,1822,Electronics
Giavani,Lakey,1741333024077,0,2018-07-27,2870,Movies
Emmye,Wasbrough,5223092964981,0,2018-05-20,1261,Garden
Louise,Izhakov,193265104073,1,2018-09-09,2264,Movies
Gerrilee,Dowty,3614856379536,0,2017-10-05,2371,Kids
Aleece,Pawelek,7924652201751,0,2018-08-13,2514,Beauty
Ddene,Blakeley,3856036101137,0,2017-10-20,2955,Clothing
Torrence,Keogh,7141468438462,1,2018-08-20,2706,Kids
Parry,Pepler,5818175855092,0,2018-07-25,2545,Kids
Chevalier,Boother,1356586112310,1,2018-06-24,2942,Clothing
Arni,Buckwell,5952196397320,1,2017-11-08,2554,Toys
Talbot,Baxster,3888367144395,0,2017-12-22,3915,Beauty
Heath,Pasley,9076698608697,1,2018-01-23,1364,Garden
Rafaelia,Klaas,4500824494692,1,2017-10-08,3070,Sports
Dotti,Pattenden,2771729925328,1,2018-05-25,3651,Movies
Finn,Janko,3124102651559,1,2018-08-26,2405,Clothing
Ronnie,Meddings,3551578466820,0,2018-05-07,3612,Sports
Shawn,Dobbison,9783753267422,0,2018-05-17,1005,Music
Hagan,Grovier,518697360393,1,2017-11-14,2744,Home
Maryjo,Drewitt,645182000065,0,2017-12-16,3254,Tools
Goldarina,Lampard,6831981307368,0,2017-12-07,2230,Health
Luis,Edmeads,2645386062897,0,2017-12-31,1287,Music
Jodee,Kernaghan,34093482450,1,2018-04-03,3690,Jewelery
Shelton,Fairrie,7350513761828,1,2017-10-17,3243,Kids
Reynolds,Dannett,8945613291308,1,2018-05-25,3053,Shoes
Bertina,Catterson,7812945115940,1,2018-03-15,2461,Health
Bernard,Wellstood,3249224720184,1,2018-01-06,3097,Toys
Hildagarde,Calltone,9694177016175,0,2017-10-12,1003,Clothing
Cary,Coslitt,5623530451862,1,2017-12-16,1614,Music
Billi,Hounsom,5748837092455,0,2017-11-26,3897,Computers
Clem,Littledike,4474894706037,0,2018-04-28,1195,Baby
Boy,Stait,3705278258021,0,2018-03-08,3325,Toys
Corri,Constantinou,4697879883293,1,2018-06-03,2359,Music
Odelinda,Piffe,4297574320992,1,2018-03-25,3117,Books
Onofredo,Matzaitis,1767023673935,0,2018-02-27,3024,Kids
Katherine,Evesque,8172469292310,1,2017-11-08,3990,Computers
Kiele,Rawcliffe,7493586324390,0,2017-10-03,3104,Books
Wilow,Bidewell,4539752601617,0,2017-11-10,3457,Toys
Marney,Ateggart,7579859869137,0,2018-04-09,1598,Tools
Torrance,Roderighi,3762464023487,0,2018-03-05,1225,Garden
Bertie,Danielski,7719403124127,1,2018-06-18,1448,Sports
Noemi,Gaiger,8793834649749,1,2018-08-15,3050,Clothing
Duff,McVity,1861311903781,0,2018-07-14,2996,Jewelery
Vinnie,Mayman,5999179215284,1,2017-10-13,2429,Beauty
Forest,Casaccia,3538485514415,1,2018-01-22,3144,Toys
Collie,Gencke,8703948079675,1,2018-02-16,3982,Tools
Rosaleen,Capstaff,588941985112,0,2017-10-18,2749,Books
Rowney,Corey,9935077980554,1,2018-08-08,2252,Grocery
Maris,Jammes,2059533818538,0,2018-01-14,2557,Music
Dannie,Eloy,7494699913006,1,2018-05-20,2666,Beauty
Donavon,Gall,59247042011,0,2018-04-06,3920,Toys
Elsa,Petrelluzzi,979158774930,1,2018-04-18,1412,Electronics
Krysta,Petasch,392315021720,1,2018-09-23,3399,Tools
Fitz,Feak,912606365831,1,2018-06-05,3627,Sports
Melinda,Files,5916901345523,1,2017-12-20,2077,Kids
Cynthy,Troutbeck,7500770121561,0,2018-06-16,1226,Movies
Randie,Posselow,1877489756520,0,2017-09-24,1384,Jewelery
Gilbert,Rowlstone,8773614564980,1,2018-07-16,1194,Baby
Stanwood,Snow,6996758654708,1,2018-02-24,1544,Jewelery
Northrop,Bloxsum,3674968325189,0,2018-08-09,1024,Beauty
Henrik,Tomaschke,6462276499074,0,2017-10-30,3289,Clothing
Cookie,Efford,8696459840575,0,2017-12-15,2047,Toys
Jenelle,Sustins,4238331080918,1,2017-12-21,1591,Industrial
Toiboid,Jurn,6457408028671,0,2018-06-21,3209,Grocery
Tadd,Jerrand,4876059006040,1,2018-03-25,3166,Kids
Lorin,Kingerby,7171830210750,0,2017-11-13,3730,Beauty
Alfonso,Lanphere,6695009763582,1,2018-06-14,1552,Shoes
Shirline,Hannah,6297888013506,0,2018-02-01,1912,Music
Adrien,Gouinlock,6134628407037,0,2018-03-06,3442,Clothing
Minni,Fibbens,9110568041948,1,2018-09-13,1936,Electronics
Carlynn,Naisby,7275100416033,0,2018-03-01,3287,Toys
Easter,Sapseed,4392987145226,0,2018-08-05,3723,Industrial
Leelah,Studholme,2165623209791,0,2018-03-28,2344,Kids
Ivette,Biswell,6773207497474,1,2018-09-13,1585,Outdoors
Carter,Janjic,9246898980146,1,2018-03-16,3083,Baby
Allayne,Surmon,9042452623385,0,2018-04-15,1278,Sports
Derril,Sambells,9004090898662,1,2017-12-13,1090,Books
Arnuad,Samme,9462673073615,0,2018-01-19,1433,Beauty
Janis,Radloff,76756812106,1,2017-11-01,1741,Movies
Shadow,Howerd,668512238475,1,2018-04-13,3213,Sports
Randy,Bucklan,9958508134789,1,2018-04-23,3528,Outdoors
Roderich,Hearl,8547291089862,1,2018-07-31,1364,Games
Honoria,Costan,7975852057173,0,2018-03-07,3887,Tools
Lauryn,Dell Casa,1549148747118,1,2018-09-22,1592,Garden
Aime,Verity,9799928187975,1,2017-10-22,1967,Beauty
Sabrina,Berger,5084411106047,1,2018-07-09,1426,Outdoors
Chiarra,Essery,1629600010117,0,2017-12-31,2190,Electronics
Barbara-anne,Millard,8033420673317,0,2018-03-23,3744,Industrial
Timi,Giannotti,2595889769963,1,2018-02-03,1087,Kids
Indira,Evennett,1922998867295,1,2018-04-29,3806,Books
Weber,Hourahan,3043725152913,1,2018-06-15,2116,Automotive
Ellary,Skeleton,6775607198955,0,2017-12-24,2796,Home
Jameson,Cocci,236410972057,1,2018-06-07,3391,Books
Olwen,Steddall,3079584344113,0,2018-09-07,3537,Grocery
Adrian,Leggat,7630560448547,0,2018-06-21,2105,Clothing
Gwendolyn,MacFie,1573537617168,0,2017-09-28,3981,Grocery
Randi,Casaroli,3338385308194,0,2018-04-01,3708,Garden
Ives,Spendley,1349730725750,1,2018-04-05,1823,Computers
Gerrard,MacGuffie,5932462720420,1,2018-01-17,2503,Tools
Maureene,Lardier,8913157754817,1,2017-10-21,1445,Clothing
Kara-lynn,Colisbe,1348577538228,1,2018-03-09,1634,Tools
Christalle,Bruhn,1367475116139,0,2018-05-26,1142,Health
Laural,Valentetti,1700032146751,1,2018-02-04,3006,Kids
Agnella,Willarton,8102709182942,1,2017-11-08,1384,Grocery
Wallie,Read,3410374411723,0,2018-07-21,3633,Automotive
Marcelo,Whetland,2755265735286,0,2018-05-08,3039,Clothing
Olivie,Quinnet,9895196417353,1,2017-11-24,2693,Health
Pebrook,Bleakman,4522959824260,0,2018-06-26,3543,Tools
Roscoe,Kyllford,7606298756638,0,2018-03-21,1318,Computers
Frasquito,Habbema,1288998750437,1,2017-10-19,3906,Shoes
Gweneth,Izac,568707049099,0,2018-05-16,3785,Outdoors
Sharleen,Esmead,938157240627,0,2017-12-08,1314,Grocery
Jamey,Jakubiak,5566475608203,1,2018-05-26,3043,Toys
Vitia,Cappel,1041067735796,1,2018-03-25,3528,Industrial
Baxter,Overell,3825273126877,0,2018-02-09,3201,Outdoors
Sibby,Reimer,4544593295133,0,2018-03-20,1992,Sports
Zollie,Cockburn,5554350290875,1,2018-01-06,1940,Baby
Freddie,Roote,2686295397431,1,2018-01-18,2839,Health
Freda,Arrell,7371682371781,0,2018-04-20,1583,Toys
Onida,Keirl,9779401907799,0,2018-03-20,3052,Music
Mikkel,Kelby,7135623019923,0,2017-12-04,1990,Beauty
Novelia,Fitch,6348211815160,1,2017-11-02,3567,Music
Tandi,Kubu,6204831856433,1,2018-08-21,1158,Toys
Ezmeralda,Worboys,7270293290873,1,2018-03-24,3546,Games
Rochette,Fost,9191090683919,0,2017-12-09,3812,Tools
Michaelina,MacMenamie,4848137423471,1,2017-09-28,3759,Computers
Shalne,Mildmott,9740590853986,1,2018-08-11,2134,Automotive
Grantham,Winscomb,837646123952,0,2018-02-15,3018,Baby
Baxy,Took,3724513543621,1,2018-06-11,2137,Shoes
Jessey,Baxstare,8012601295343,1,2018-08-06,2563,Movies
Mora,Edworthye,9806445924888,1,2018-01-29,1701,Movies
Ingeberg,Dadley,8365389719967,1,2017-09-24,1041,Computers
Silvana,Painten,3900000661054,1,2018-08-02,3653,Beauty
Orsola,Brettell,1678539420498,0,2018-03-19,1470,Health
Heddie,Kermath,2306079304747,1,2018-05-21,2947,Games
Stevana,Aizik,2535764253694,0,2018-06-15,1971,Health
Baldwin,Bothram,9217916298244,0,2018-01-07,2107,Beauty
Ricoriki,Spurrier,9039840229673,1,2018-04-18,2380,Music
Martina,Skouling,3001012240691,0,2018-06-24,1644,Games
Marilyn,Huddleston,9426107056147,0,2018-01-24,2087,Movies
Arline,Prahl,4979765147399,1,2018-09-18,2530,Garden
Bradly,Havesides,1631219784876,1,2018-07-09,3850,Automotive
Beatrix,Clemenceau,5441730188691,0,2017-10-07,3212,Grocery
Tadd,Heath,7795393148181,0,2018-04-16,2981,Electronics
Romain,Lantry,2320184797720,1,2018-07-05,1641,Toys
Rozamond,Plews,6278959691572,0,2017-10-04,1753,Sports
Fredrick,Pettis,4329413722474,1,2018-01-17,3413,Toys
Abba,Watsam,8574941403707,1,2018-08-22,3375,Toys
Erminie,Cargen,613347585726,1,2017-12-28,1374,Jewelery
Mannie,Matusiak,1751832975609,1,2018-01-06,3227,Garden
Milli,Bafford,5953579277906,1,2018-04-07,1177,Books
Sidney,Klimecki,6428572582565,0,2018-07-18,1425,Shoes
Eba,Chazette,9729467331311,1,2018-04-05,1398,Garden
Arnaldo,Baignard,2004372869380,0,2017-10-21,1879,Books
Elihu,Topp,6356884682221,1,2018-03-31,1230,Grocery
Adora,Brierley,7923774541151,1,2018-09-16,3526,Toys
Breena,Dawtre,4832830721807,1,2018-08-01,3000,Automotive
Natal,Mellodey,4766090076581,1,2018-09-22,3009,Games
Melosa,Sirmon,5134415445191,0,2018-06-28,1487,Computers
Perry,Bazek,9550814739815,1,2018-07-10,2348,Music
Marcia,Novkovic,7901889349998,0,2017-12-26,1008,Health
Corabel,Deport,4274381287745,0,2017-10-17,2890,Beauty
Carmelita,Opy,1508031118650,1,2017-12-21,1927,Books
Camilla,Scutchin,6082101224486,0,2018-03-18,3529,Garden
Martica,Juleff,5841083926094,0,2018-05-11,3683,Home
Brantley,Denzilow,5541791597663,0,2018-06-25,1283,Home
Udale,Bunch,5527254232069,1,2017-11-25,3359,Tools
Fenelia,Bompass,4106821720022,1,2018-06-20,3106,Games
Fran,Grigoroni,10802762929,0,2018-08-23,1696,Outdoors
Lida,Lepere,6162580717584,0,2017-12-10,3313,Shoes
Creigh,Menicomb,549418683800,1,2018-02-04,2066,Clothing
Alejoa,Hoggetts,4740844130281,0,2018-08-22,1026,Sports
Taffy,Graveson,556028685636,1,2018-09-13,3180,Outdoors
Rena,Cowen,2243575063223,0,2017-10-29,2067,Outdoors
Von,McShee,5625757199689,1,2018-04-24,2542,Electronics
Jaclin,McRill,4039841186334,1,2018-07-03,2329,Games
Lilith,Gaynes,9754648835947,0,2018-05-21,1491,Sports
Catriona,De Dantesie,2176299749324,0,2017-11-23,1934,Sports
Valentia,Tomaini,7022634371874,1,2018-01-26,1743,Home
Hunt,Harlett,7326750795653,1,2017-09-28,1553,Sports
Timofei,Groucock,4235957384449,1,2018-09-07,3530,Health
Kippar,Lount,461861045391,1,2017-11-28,3082,Tools
Ynes,McMichan,1790525982605,1,2017-10-05,2370,Health
Candy,Armstrong,9727937571375,0,2018-02-10,2023,Grocery
Emelina,Lohmeyer,7844088805077,0,2018-04-03,1549,Kids
Cobbie,Hubert,3915579815111,0,2017-10-12,1819,Toys
Aldo,Tevlin,1855784295275,1,2017-10-22,2778,Kids
Mag,O' Loughran,2686756913694,1,2018-05-18,3069,Clothing
Sandie,Inch,2238724641635,0,2018-03-25,2386,Electronics
West,Gillingwater,2180507419479,1,2018-09-16,2081,Industrial
Gill,Fery,8796803232470,1,2017-10-02,1976,Automotive
Nelia,Granleese,9176843236434,0,2018-07-06,3285,Health
Christy,Skeel,6084061487685,0,2018-09-19,2873,Automotive
Lissi,Kupec,5706959340887,0,2018-06-17,1122,Clothing
Auberon,Billes,6613914365870,0,2018-05-16,2698,Music
Manuel,Llewelyn,7466919086959,1,2018-06-04,2480,Movies
Mitchell,Tewnion,4581158980217,0,2018-07-31,3875,Shoes
Deena,Ainsworth,7111218484196,1,2018-04-01,3514,Outdoors
Rahal,Okey,4929723709891,1,2018-07-28,3658,Kids
Danny,Duell,9762397552828,0,2018-09-12,1616,Garden
Casey,Bredee,8283431374428,1,2017-11-18,3966,Home
Romola,Etchells,3082177164027,1,2017-12-25,1265,Health
Vyky,Lindeboom,6590021343100,1,2018-08-10,2189,Books
Iorgo,Stych,4663089966411,0,2017-12-06,1593,Games
Modesta,McGennis,240597989586,0,2018-03-11,2818,Health
Harmonie,Glisane,37345764221,1,2018-03-30,3321,Outdoors
Elane,Kennsley,8138131653630,1,2017-10-18,2248,Toys
Ophelie,Carine,1990434635515,0,2018-06-06,3972,Movies
Barnaby,Yea,2659337970769,0,2018-04-14,1374,Shoes
Odo,Iacobo,9462316510980,1,2018-08-03,1329,Baby
Kassia,Gourley,4064266858792,0,2018-04-08,3003,Games
Wheeler,Brakespear,443723756507,1,2017-10-04,3453,Grocery
Stanwood,Gammie,6074602789309,1,2017-11-24,2722,Movies
Marleah,Tarbert,3049045685932,0,2017-11-20,1593,Sports
Bellanca,Heinz,2165974815623,0,2017-09-26,1566,Sports
Ravid,Mc Menamin,4650813865896,0,2018-03-30,3438,Health
Karlan,Bentz,3044002788569,1,2018-02-19,1123,Industrial
Stephannie,Schoolfield,3566527655701,0,2018-09-05,3289,Music
Dix,Gelling,5457865591592,0,2018-03-25,2127,Music
Gran,Simonson,1690905724821,0,2018-02-10,3241,Toys
Gil,Lanfere,1906905733095,1,2018-07-16,2708,Beauty
Kassey,Trevon,5569981185498,0,2017-10-01,3912,Health
Lisbeth,Zoppo,9436863160090,0,2018-05-14,3473,Tools
Nolan,Gantlett,8371124594090,1,2018-03-16,2417,Sports
Carly,Feaver,3187029236283,1,2017-12-29,1737,Computers
Freemon,Casazza,892871272461,1,2017-12-19,3837,Games
Yasmin,Szach,3395298857654,0,2017-12-13,3757,Jewelery
Emile,Boanas,512215269951,1,2018-05-03,3012,Computers
Terrill,Steptoe,7069289085027,0,2018-06-23,3519,Beauty
Siegfried,Kamenar,3235837623217,1,2017-12-02,3371,Tools
Ellissa,Ovenell,3757983526928,0,2017-10-17,3746,Grocery
Wat,Cresar,4396670535926,0,2017-10-08,1456,Grocery
James,Hedgeman,2170694825097,0,2018-07-10,2000,Grocery
Milo,Luck,5684229129218,0,2018-05-19,1207,Books
Ladonna,Candlin,2130531516301,1,2017-12-25,1231,Games
Genevieve,Lanyon,9892466697828,1,2018-09-08,3027,Outdoors
Theodora,Leverentz,6773333842073,0,2018-08-18,1755,Health
Benedict,Olive,3317735232490,1,2017-10-09,1715,Garden
Dorey,Kobpal,3441792000058,1,2018-01-12,2160,Toys
